rank,top3_rank,race_id,馬番,waku,horse_name,sei,rei,kinryo,jockey,odds,ninki,p_win,p_top3,corner_gain,avg5_ninki,avg5_margin,avg5_last3f,days_since_last,n_past_races,same_track_as_last,date,track,race_num,race_name,post_time,distance,surface,grade,weather,baba_condition
1,1,202644090101,9,8,ジコン,牡,6,56.0,吉井章,2.1,1,0.3958490237714258,0.6944711925748364,-1.6,2.4,0.8600000000000001,40.739999999999995,7.0,5.0,1.0,2026-09-01,大井,1,C3三四,14:50,1600.0,ダ,C三,,−
2,2,202644090101,4,4,リュウグウノユメ,牝,4,51.0,西優哉,3.2,2,0.21328357245516835,0.5421264677126205,0.0,5.2,0.9200000000000002,40.88,7.0,5.0,1.0,2026-09-01,大井,1,C3三四,14:50,1600.0,ダ,C三,,−
3,3,202644090101,1,1,ミンナノブンモ,セ,7,56.0,達城龍,6.9,3,0.11332164460989123,0.4440352454908486,-1.2,7.6,0.82,39.64,7.0,5.0,1.0,2026-09-01,大井,1,C3三四,14:50,1600.0,ダ,C三,,−
4,4,202644090101,10,8,ゴッドモード,牡,7,55.0,谷内貫,11.0,4,0.08544698421915531,0.3558435011324845,3.0,9.2,1.3,40.480000000000004,7.0,5.0,1.0,2026-09-01,大井,1,C3三四,14:50,1600.0,ダ,C三,,−
5,5,202644090101,2,2,ブラントンアロー,牡,5,53.0,高橋優,12.2,5,0.05798687716145731,0.2811090557616546,0.6,8.0,1.06,40.5,7.0,5.0,1.0,2026-09-01,大井,1,C3三四,14:50,1600.0,ダ,C三,,−
6,6,202644090101,6,6,ジャスミンカーラ,牝,7,54.0,藤本現,20.3,6,0.04417895948779134,0.21044913584095942,-0.4,6.6,1.46,40.96,7.0,5.0,1.0,2026-09-01,大井,1,C3三四,14:50,1600.0,ダ,C三,,−
7,7,202644090101,3,3,ブッコワース,牡,5,56.0,江里口,21.0,7,0.03492636780355509,0.17163491424152316,-0.6,5.6,1.02,40.82,7.0,5.0,1.0,2026-09-01,大井,1,C3三四,14:50,1600.0,ダ,C三,,−
8,8,202644090101,8,7,スモモモモモモモモ,牝,8,54.0,田中洸,38.0,8,0.027149447205270363,0.10839593438186723,-2.2,6.6,1.94,41.04,7.0,5.0,1.0,2026-09-01,大井,1,C3三四,14:50,1600.0,ダ,C三,,−
9,9,202644090101,7,7,ポジターノ,牝,4,54.0,遠藤健,88.3,9,0.0154452543093139,0.05019192131049051,-2.2,10.6,3.3,41.54,14.0,5.0,1.0,2026-09-01,大井,1,C3三四,14:50,1600.0,ダ,C三,,−
10,10,202644090101,5,5,ラインストライカー,セ,7,56.0,本村直,151.5,10,0.012411868976971177,0.03736187658340004,0.2,13.2,3.22,40.660000000000004,7.0,5.0,1.0,2026-09-01,大井,1,C3三四,14:50,1600.0,ダ,C三,,−
1,1,202644090102,4,3,デリッサ,牝,6,54.0,安藤洋,1.4,1,0.42235318615848505,0.7238221155839365,-0.2,1.2,0.25999999999999995,38.62,343.0,5.0,1.0,2026-09-01,大井,2,C3三四,15:22,1200.0,ダ,C三,,−
2,2,202644090102,5,4,キタノファルコン,牡,6,56.0,藤本現,11.8,2,0.17195173511124665,0.5678053398262649,-0.8,6.0,1.54,40.9,7.0,5.0,1.0,2026-09-01,大井,2,C3三四,15:22,1200.0,ダ,C三,,−
3,3,202644090102,13,8,ミユンガー,牡,4,56.0,藤田凌,12.7,3,0.11572131562161868,0.45911187370173057,-0.4,5.8,1.6800000000000002,39.239999999999995,7.0,5.0,1.0,2026-09-01,大井,2,C3三四,15:22,1200.0,ダ,C三,,−
4,4,202644090102,8,5,カズノマリア,牝,4,53.0,中山遥,13.4,4,0.07747553245685801,0.35141908715139664,1.3333333333333333,6.0,0.5666666666666668,40.300000000000004,7.0,3.0,1.0,2026-09-01,大井,2,C3三四,15:22,1200.0,ダ,C三,,−
5,5,202644090102,1,1,フェアリーマイア,牝,6,51.0,高橋優,14.4,5,0.046349874188337255,0.27164784446499624,0.0,6.4,0.6799999999999999,37.86,7.0,5.0,1.0,2026-09-01,大井,2,C3三四,15:22,1200.0,ダ,C三,,−
6,6,202644090102,14,8,パンオショコラ,牝,5,54.0,中村尚,21.8,6,0.041473261018828464,0.21779437429075546,0.2,5.6,0.8800000000000001,40.239999999999995,7.0,5.0,1.0,2026-09-01,大井,2,C3三四,15:22,1200.0,ダ,C三,,−
7,7,202644090102,9,6,コーントップス,牝,5,54.0,石川駿,24.3,7,0.03640435087791532,0.16334523196761289,0.4,10.0,1.16,37.839999999999996,7.0,5.0,1.0,2026-09-01,大井,2,C3三四,15:22,1200.0,ダ,C三,,−
8,8,202644090102,6,4,フローラルロマンス,牝,7,54.0,西啓太,27.4,8,0.0204100932587196,0.10958497709458702,-1.4,6.8,1.3,39.760000000000005,7.0,5.0,1.0,2026-09-01,大井,2,C3三四,15:22,1200.0,ダ,C三,,−
9,9,202644090102,7,5,ウルフスタンド,牡,4,56.0,鷹見陸,31.8,9,0.0199117974238508,0.0910215902593806,0.0,8.0,1.9600000000000002,39.019999999999996,7.0,5.0,1.0,2026-09-01,大井,2,C3三四,15:22,1200.0,ダ,C三,,−
10,10,202644090102,3,3,ファインスカート,牝,5,51.0,小野俊,52.2,10,0.012074060508340154,0.05259112944948212,-0.2,10.6,1.46,38.9,7.0,5.0,1.0,2026-09-01,大井,2,C3三四,15:22,1200.0,ダ,C三,,−
11,11,202644090102,2,2,ブライトフォース,牡,4,53.0,杉山海,60.6,11,0.010962296179847304,0.04251738816227188,0.4,10.2,1.6800000000000002,38.959999999999994,7.0,5.0,1.0,2026-09-01,大井,2,C3三四,15:22,1200.0,ダ,C三,,−
12,12,202644090102,10,6,ウォーバックス,セ,8,56.0,江里口,170.4,12,0.008304165731984272,0.02617421517953758,-2.8,9.0,2.38,40.62,7.0,5.0,1.0,2026-09-01,大井,2,C3三四,15:22,1200.0,ダ,C三,,−
13,13,202644090102,12,7,プレミアリッチ,牝,4,54.0,本村直,194.6,13,0.008304165731984272,0.01773863568113595,-1.2,12.8,3.4199999999999995,41.18,7.0,5.0,1.0,2026-09-01,大井,2,C3三四,15:22,1200.0,ダ,C三,,−
14,14,202644090102,11,7,オルチャタ,牝,4,51.0,西優哉,208.9,14,0.008304165731984272,0.015296557578603983,-0.8,10.6,4.36,40.54,14.0,5.0,1.0,2026-09-01,大井,2,C3三四,15:22,1200.0,ダ,C三,,−
1,1,202644090103,6,6,サカベンスピード,牡,2,1.0,中山遥,7.7,5,1.0,0.26277315898722203,,,,,,,,2026-09-01,大井,3,2歳新馬,15:54,1400.0,ダ,未格付,,−
1,1,202644090104,6,6,バッチリ,牡,2,1.0,和田譲,3.8,2,1.0,0.6811328871248309,,,,,,,,2026-09-01,大井,4,2歳新馬,16:26,1200.0,ダ,未格付,,−
1,1,202644090105,2,2,マイネルディザイア,牡,3,56.0,東原悠,2.6,1,0.433126892504292,0.7443160419863813,1.4,9.4,1.1400000000000001,36.32,49.0,5.0,0.0,2026-09-01,大井,5,3歳八九十(3歳九),16:58,1600.0,ダ,未格付,,−
2,2,202644090105,5,5,ウインデイブレイク,牡,3,56.0,野畑凌,3.3,2,0.19601444634192128,0.5685856766036532,0.0,3.8,1.46,40.660000000000004,14.0,5.0,1.0,2026-09-01,大井,5,3歳八九十(3歳九),16:58,1600.0,ダ,未格付,,−
3,3,202644090105,4,4,ゴールドフリーザ,牡,3,56.0,達城龍,5.3,3,0.126354982220163,0.45663085958870075,2.4,6.0,1.1800000000000002,40.239999999999995,14.0,5.0,1.0,2026-09-01,大井,5,3歳八九十(3歳九),16:58,1600.0,ダ,未格付,,−
4,4,202644090105,6,6,カレックス,牡,3,56.0,張田昂,8.9,4,0.07378244101042704,0.3226539916432245,0.8,5.0,2.36,41.36,14.0,5.0,1.0,2026-09-01,大井,5,3歳八九十(3歳九),16:58,1600.0,ダ,未格付,,−
5,5,202644090105,3,3,ビハインドヘッド,牡,3,53.0,木澤奨,11.4,5,0.056581273528045206,0.26388969674858925,0.4,8.6,1.54,40.339999999999996,14.0,5.0,1.0,2026-09-01,大井,5,3歳八九十(3歳九),16:58,1600.0,ダ,未格付,,−
6,6,202644090105,9,8,グレートロッタリー,牝,3,51.0,高橋優,13.0,6,0.04250207669451219,0.1793104956012203,-0.2,10.0,2.1399999999999997,40.239999999999995,35.0,5.0,1.0,2026-09-01,大井,5,3歳八九十(3歳九),16:58,1600.0,ダ,未格付,,−
7,7,202644090105,7,7,デスピナ,牝,3,54.0,藤本現,16.6,7,0.02633741374875953,0.12520304183824596,-2.0,8.4,2.7800000000000002,42.3,14.0,5.0,1.0,2026-09-01,大井,5,3歳八九十(3歳九),16:58,1600.0,ダ,未格付,,−
8,8,202644090105,8,7,ヤマジュンハッピ,牝,3,52.0,中島良,52.7,8,0.017174624385913315,0.0833150067154638,0.0,11.4,2.8600000000000003,40.38,14.0,5.0,1.0,2026-09-01,大井,5,3歳八九十(3歳九),16:58,1600.0,ダ,未格付,,−
9,9,202644090105,1,1,レッドスカイ,牡,3,53.0,杉山海,89.9,9,0.01613910973829259,0.05035439111002502,-1.0,9.8,3.3200000000000003,40.78,189.0,5.0,1.0,2026-09-01,大井,5,3歳八九十(3歳九),16:58,1600.0,ダ,未格付,,−
10,10,202644090105,10,8,ヨバフウチ,牝,3,54.0,千田洋,137.5,10,0.011986739827674009,0.03798423060363723,-0.6,13.0,3.04,40.42,14.0,5.0,1.0,2026-09-01,大井,5,3歳八九十(3歳九),16:58,1600.0,ダ,未格付,,−
1,1,202644090106,10,7,クォンタムビット,牡,3,56.0,笹川翼,1.7,1,0.4228193765198163,0.7612310465220063,0.0,4.0,1.575,36.55,14.0,4.0,1.0,2026-09-01,大井,6,3歳八九十(3歳九),17:30,1400.0,ダ,未格付,,−
2,2,202644090106,7,6,ポリループ,牡,3,56.0,Ｆ．ゴ,3.5,2,0.20052275966898528,0.6186184509460246,4.0,3.0,-0.2,39.2,14.0,1.0,1.0,2026-09-01,大井,6,3歳八九十(3歳九),17:30,1400.0,ダ,未格付,,−
3,3,202644090106,5,5,バイソンバローズ,牡,3,56.0,本田正,7.7,3,0.12447004732286858,0.4632844481840938,0.5,3.0,2.0,40.85,14.0,2.0,1.0,2026-09-01,大井,6,3歳八九十(3歳九),17:30,1400.0,ダ,未格付,,−
4,4,202644090106,6,5,エトワールブルー,牡,3,56.0,石川駿,8.0,4,0.07346997463970878,0.34276063060826767,2.0,7.8,2.6,40.06,35.0,5.0,0.0,2026-09-01,大井,6,3歳八九十(3歳九),17:30,1400.0,ダ,未格付,,−
5,5,202644090106,8,6,ジョテイ,牝,3,51.0,木澤奨,48.4,5,0.04890615607594844,0.24754063038304558,-1.0,6.75,1.875,40.4,14.0,4.0,1.0,2026-09-01,大井,6,3歳八九十(3歳九),17:30,1400.0,ダ,未格付,,−
6,6,202644090106,3,3,ヴェールジャルダン,牝,3,51.0,杉山海,60.8,6,0.0407190000731846,0.17376443489950183,-1.2,9.6,2.3600000000000003,40.38,14.0,5.0,1.0,2026-09-01,大井,6,3歳八九十(3歳九),17:30,1400.0,ダ,未格付,,−
7,7,202644090106,4,4,アズキング,牡,3,56.0,千田洋,66.6,7,0.025232488286900664,0.1273473202403501,0.6,9.0,2.18,40.839999999999996,14.0,5.0,1.0,2026-09-01,大井,6,3歳八九十(3歳九),17:30,1400.0,ダ,未格付,,−
8,8,202644090106,9,7,ハッピーワイド,牡,3,53.0,西優哉,79.5,8,0.017245609847686548,0.10463061368378505,1.0,11.4,2.38,40.5,133.0,5.0,1.0,2026-09-01,大井,6,3歳八九十(3歳九),17:30,1400.0,ダ,未格付,,−
9,9,202644090106,1,1,メガコウチャハイ,牝,3,54.0,瀬川将,85.6,9,0.015057185770263921,0.05929569818625514,0.2,11.0,3.06,41.019999999999996,14.0,5.0,1.0,2026-09-01,大井,6,3歳八九十(3歳九),17:30,1400.0,ダ,未格付,,−
10,10,202644090106,2,2,オーシャンクロノス,牝,3,54.0,田中洸,87.2,10,0.011483863798667608,0.04953725534401741,0.0,9.2,2.2199999999999998,41.019999999999996,14.0,5.0,1.0,2026-09-01,大井,6,3歳八九十(3歳九),17:30,1400.0,ダ,未格付,,−
11,11,202644090106,12,8,ファンキーヤンキー,牡,3,56.0,野畑凌,109.8,11,0.011453604382825668,0.031602195283270844,-1.8,12.0,2.38,41.019999999999996,14.0,5.0,1.0,2026-09-01,大井,6,3歳八九十(3歳九),17:30,1400.0,ダ,未格付,,−
12,12,202644090106,11,8,フォーカス,牡,3,56.0,東原悠,165.3,12,0.008619933613143668,0.03150157627626502,0.0,9.8,4.14,40.94,14.0,5.0,1.0,2026-09-01,大井,6,3歳八九十(3歳九),17:30,1400.0,ダ,未格付,,−
1,1,202644090107,6,6,ケテンドリーム,牝,5,55.0,笹川翼,1.8,1,0.3653289358300805,0.6672829360963317,-0.8,4.0,0.52,38.46,14.0,5.0,0.0,2026-09-01,大井,7,ディーヴァ賞競走(A2),18:02,1600.0,ダ,A二,,−
2,2,202644090107,7,6,ワールドエイム,牝,4,53.0,Ｆ．ゴ,2.9,2,0.2305573176750788,0.5514342107711626,1.0,1.0,0.1,37.72,35.0,5.0,1.0,2026-09-01,大井,7,ディーヴァ賞競走(A2),18:02,1600.0,ダ,A二,,−
3,3,202644090107,8,7,マテリアルガール,牝,6,55.0,本田正,10.9,3,0.1277203142165236,0.41099341175975485,0.0,4.8,1.0,38.980000000000004,105.0,5.0,0.0,2026-09-01,大井,7,ディーヴァ賞競走(A2),18:02,1600.0,ダ,A二,,−
4,4,202644090107,5,5,エスカティア,牝,4,55.0,和田譲,12.6,4,0.07650888308940475,0.32016341945287424,-2.2,4.8,1.48,39.82000000000001,14.0,5.0,0.0,2026-09-01,大井,7,ディーヴァ賞競走(A2),18:02,1600.0,ダ,A二,,−
5,5,202644090107,9,7,マーブルマカロン,牝,6,52.0,西優哉,20.9,5,0.05379387873485968,0.26827141199659393,0.0,4.4,1.0,38.760000000000005,14.0,5.0,0.0,2026-09-01,大井,7,ディーヴァ賞競走(A2),18:02,1600.0,ダ,A二,,−
6,6,202644090107,2,2,コアリオ,牝,6,53.0,鷹見陸,25.9,6,0.0458985821455163,0.20735004182700725,1.4,7.8,0.86,38.62,49.0,5.0,0.0,2026-09-01,大井,7,ディーヴァ賞競走(A2),18:02,1600.0,ダ,A二,,−
7,7,202644090107,1,1,フェルディナンド,牝,5,53.0,安藤洋,36.7,7,0.03147580267054046,0.1632665934793049,1.4,6.2,1.4,38.04,56.0,5.0,1.0,2026-09-01,大井,7,ディーヴァ賞競走(A2),18:02,1600.0,ダ,A二,,−
8,8,202644090107,10,8,プリンセスアリー,牝,5,55.0,張田昂,51.1,8,0.023721177108421403,0.1217634351180568,0.2,7.8,1.6199999999999999,38.839999999999996,14.0,5.0,0.0,2026-09-01,大井,7,ディーヴァ賞競走(A2),18:02,1600.0,ダ,A二,,−
9,9,202644090107,4,4,リヴェルベロ,牝,4,53.0,木間塚,54.3,9,0.019138572579212296,0.08859864054053357,-0.4,7.2,1.9,40.239999999999995,14.0,5.0,0.0,2026-09-01,大井,7,ディーヴァ賞競走(A2),18:02,1600.0,ダ,A二,,−
10,11,202644090107,3,3,メランポジューム,牝,6,51.0,岡村健,59.8,11,0.0132249650774883,0.047941714627781774,2.0,5.0,2.0,39.56,308.0,5.0,1.0,2026-09-01,大井,7,ディーヴァ賞競走(A2),18:02,1600.0,ダ,A二,,−
11,10,202644090107,11,8,ミルニュイ,牝,7,55.0,野畑凌,58.6,10,0.012631570872873801,0.0520119391353691,-2.4,8.2,2.84,40.839999999999996,14.0,5.0,0.0,2026-09-01,大井,7,ディーヴァ賞競走(A2),18:02,1600.0,ダ,A二,,−
1,1,202644090108,11,6,エッジ,牡,3,56.0,Ｆ．ゴ,2.2,1,0.3953973921845664,0.7722807736103704,2.0,1.5,0.5,37.9,98.0,2.0,1.0,2026-09-01,大井,8,ピンク・ジン賞(3歳九),18:35,1200.0,ダ,未格付,,−
2,2,202644090108,14,7,レガリアーナ,牝,3,51.0,木澤奨,6.5,2,0.1907163222330466,0.5966838282813961,-1.4,11.8,1.72,36.32,35.0,5.0,0.0,2026-09-01,大井,8,ピンク・ジン賞(3歳九),18:35,1200.0,ダ,未格付,,−
3,3,202644090108,16,8,ベルウッドモア,牡,3,56.0,藤田凌,8.6,3,0.1470195878792956,0.4674689285347127,0.5,4.0,0.55,39.25,224.0,2.0,1.0,2026-09-01,大井,8,ピンク・ジン賞(3歳九),18:35,1200.0,ダ,未格付,,−
4,4,202644090108,13,7,アメージングヨシノ,牝,3,54.0,安藤洋,11.8,4,0.05976415017568381,0.34471070287079725,-0.4,6.0,1.92,39.78,14.0,5.0,1.0,2026-09-01,大井,8,ピンク・ジン賞(3歳九),18:35,1200.0,ダ,未格付,,−
5,5,202644090108,9,5,マーロウ,牡,3,55.0,中山遥,11.9,5,0.04726747956410392,0.26896492931746097,1.6,3.4,1.16,40.2,14.0,5.0,1.0,2026-09-01,大井,8,ピンク・ジン賞(3歳九),18:35,1200.0,ダ,未格付,,−
6,6,202644090108,5,3,ホーリーモミジ,牡,3,56.0,達城龍,15.9,6,0.035617681927867836,0.20065474866246427,0.2,4.8,1.6600000000000001,40.0,119.0,5.0,1.0,2026-09-01,大井,8,ピンク・ジン賞(3歳九),18:35,1200.0,ダ,未格付,,−
7,7,202644090108,1,1,サリー,牝,3,51.0,杉山海,16.4,7,0.026518407901912427,0.163214526477828,-1.2,7.8,1.8399999999999999,40.5,14.0,5.0,1.0,2026-09-01,大井,8,ピンク・ジン賞(3歳九),18:35,1200.0,ダ,未格付,,−
8,8,202644090108,7,4,サイオウガウマ,牝,3,51.0,小野俊,16.5,8,0.020449770875037444,0.10894892564107046,0.2,2.0,-0.15999999999999998,39.4,112.0,5.0,0.0,2026-09-01,大井,8,ピンク・ジン賞(3歳九),18:35,1200.0,ダ,未格付,,−
9,9,202644090108,2,1,プラヤデルカルメン,牝,3,54.0,高橋昭,17.2,9,0.019312130694807472,0.08471395127394173,0.0,5.0,1.8199999999999998,37.8,14.0,5.0,1.0,2026-09-01,大井,8,ピンク・ジン賞(3歳九),18:35,1200.0,ダ,未格付,,−
10,10,202644090108,6,3,ルヴレアール,牡,3,56.0,西啓太,20.2,10,0.010968501765813033,0.04505213716672827,-1.8,6.8,3.3600000000000003,40.98,14.0,5.0,1.0,2026-09-01,大井,8,ピンク・ジン賞(3歳九),18:35,1200.0,ダ,未格付,,−
11,12,202644090108,3,2,ジーティークィーン,牝,3,51.0,西優哉,54.1,11,0.009386850840310303,0.028763691881856165,-1.8,7.8,2.56,41.72,14.0,5.0,1.0,2026-09-01,大井,8,ピンク・ジン賞(3歳九),18:35,1200.0,ダ,未格付,,−
12,15,202644090108,4,2,リュウノナナホシ,牝,3,54.0,本村直,180.7,15,0.007516344791511051,0.014860662145846318,0.0,11.6,3.04,41.28,14.0,5.0,1.0,2026-09-01,大井,8,ピンク・ジン賞(3歳九),18:35,1200.0,ダ,未格付,,−
13,11,202644090108,8,4,アースフレンドリー,牝,3,54.0,東原悠,54.6,12,0.007516344791511051,0.03828789591231521,0.0,9.8,1.6600000000000001,38.660000000000004,14.0,5.0,1.0,2026-09-01,大井,8,ピンク・ジン賞(3歳九),18:35,1200.0,ダ,未格付,,−
14,13,202644090108,10,5,ポロリス,牝,3,54.0,石川駿,185.4,16,0.007516344791511051,0.023492245224127985,-0.6,9.6,2.88,40.88,14.0,5.0,1.0,2026-09-01,大井,8,ピンク・ジン賞(3歳九),18:35,1200.0,ダ,未格付,,−
15,16,202644090108,12,6,ガリマド,牝,3,54.0,藤本現,169.2,14,0.007516344791511051,0.014190475773131692,-1.6,12.4,3.28,41.64,14.0,5.0,1.0,2026-09-01,大井,8,ピンク・ジン賞(3歳九),18:35,1200.0,ダ,未格付,,−
16,14,202644090108,15,8,フリホコマンドール,セ,3,56.0,中村尚,149.1,13,0.007516344791511051,0.020180899354657927,-0.4,7.6,3.94,41.94,14.0,5.0,1.0,2026-09-01,大井,8,ピンク・ジン賞(3歳九),18:35,1200.0,ダ,未格付,,−
1,1,202644090109,12,7,アジャイルブラック,牡,5,56.0,安藤洋,3.0,1,0.4231327907730311,0.7452863039341091,1.2,1.0,0.24,39.82,84.0,5.0,0.0,2026-09-01,大井,9,C1六七八(C1七),19:07,1600.0,ダ,C一,,−
2,2,202644090109,10,6,キュアフローラ,牝,4,54.0,藤田凌,5.4,2,0.17388865757702696,0.5565972333010002,0.2,2.8,0.58,39.82,7.0,5.0,1.0,2026-09-01,大井,9,C1六七八(C1七),19:07,1600.0,ダ,C一,,−
3,3,202644090109,3,3,フェスティヴハート,牝,3,53.0,西啓太,7.5,3,0.11085444187993615,0.4308308862779508,-1.2,6.4,1.46,39.239999999999995,35.0,5.0,0.0,2026-09-01,大井,9,C1六七八(C1七),19:07,1600.0,ダ,C一,,−
4,4,202644090109,13,8,トーアナカヨシ,牝,4,54.0,町田直,9.0,4,0.07254133862279125,0.3603773768359247,0.8,7.6,1.12,39.22,7.0,5.0,1.0,2026-09-01,大井,9,C1六七八(C1七),19:07,1600.0,ダ,C一,,−
5,5,202644090109,14,8,ボラボラフレイバー,牡,6,56.0,野畑凌,10.4,5,0.05149341959788837,0.278194185501067,1.4,5.8,0.78,39.14,14.0,5.0,1.0,2026-09-01,大井,9,C1六七八(C1七),19:07,1600.0,ダ,C一,,−
6,6,202644090109,11,7,ディアモアー,牝,3,53.0,達城龍,10.6,6,0.038282885164735256,0.21669714859785158,3.4,6.6,0.9,39.28,7.0,5.0,1.0,2026-09-01,大井,9,C1六七八(C1七),19:07,1600.0,ダ,C一,,−
7,7,202644090109,5,4,ユウユウスターリー,牝,8,51.0,西優哉,14.4,7,0.031319553722132354,0.12771679388090165,-0.2,4.4,1.22,40.64,14.0,5.0,1.0,2026-09-01,大井,9,C1六七八(C1七),19:07,1600.0,ダ,C一,,−
8,8,202644090109,4,3,ケンオーシャン,牡,4,56.0,和田譲,18.2,8,0.02526977289716496,0.12036601831721332,1.2,8.0,1.26,40.5,7.0,5.0,1.0,2026-09-01,大井,9,C1六七八(C1七),19:07,1600.0,ダ,C一,,−
9,9,202644090109,6,4,アクアジェット,牡,4,53.0,小野俊,21.8,9,0.022859770633005202,0.08062496173389747,0.8,1.8,1.04,40.239999999999995,14.0,5.0,1.0,2026-09-01,大井,9,C1六七八(C1七),19:07,1600.0,ダ,C一,,−
10,10,202644090109,8,5,ウィルデッドリフト,牡,3,55.0,吉井章,25.1,10,0.013427017400136776,0.06480403006582812,-0.4,6.0,1.98,40.82,14.0,5.0,1.0,2026-09-01,大井,9,C1六七八(C1七),19:07,1600.0,ダ,C一,,−
11,11,202644090109,2,2,エヌケイサイボウ,牡,3,55.0,鷹見陸,29.9,11,0.012617677448904248,0.05290750732239069,0.2,3.6,1.42,40.78,77.0,5.0,1.0,2026-09-01,大井,9,C1六七八(C1七),19:07,1600.0,ダ,C一,,−
12,14,202644090109,1,1,カレンマウラー,牡,5,56.0,新原周,208.5,14,0.008104224761082442,0.0188630331684929,-1.2,11.0,3.1,41.019999999999996,14.0,5.0,1.0,2026-09-01,大井,9,C1六七八(C1七),19:07,1600.0,ダ,C一,,−
13,12,202644090109,9,6,アルマヴィーナス,牝,4,51.0,杉山海,31.4,12,0.008104224761082442,0.034225698789965786,0.0,3.2,0.8400000000000001,38.28,56.0,5.0,1.0,2026-09-01,大井,9,C1六七八(C1七),19:07,1600.0,ダ,C一,,−
14,13,202644090109,7,5,ハイアップグレード,牡,4,56.0,千田洋,45.4,13,0.008104224761082442,0.030858899621101544,-0.2,10.4,2.34,40.5,14.0,5.0,1.0,2026-09-01,大井,9,C1六七八(C1七),19:07,1600.0,ダ,C一,,−
1,1,202644090110,2,2,ヴァルチャースター,牡,4,56.0,吉井章,2.5,1,0.4723815113681881,0.7890206070212288,1.0,1.0,-0.6,38.94,133.0,5.0,1.0,2026-09-01,大井,10,宵風賞(C1七),19:40,1400.0,ダ,C一,,−
2,2,202644090110,7,6,デルマウチガケ,牝,6,54.0,安藤洋,6.5,2,0.16301076480470092,0.5292247035251252,-0.8,2.8,1.24,39.78,14.0,5.0,1.0,2026-09-01,大井,10,宵風賞(C1七),19:40,1400.0,ダ,C一,,−
3,3,202644090110,4,4,キタノホウセキ,牝,4,54.0,西啓太,7.8,3,0.10981198749540017,0.39690572794535145,0.2,2.0,1.26,39.38,14.0,5.0,1.0,2026-09-01,大井,10,宵風賞(C1七),19:40,1400.0,ダ,C一,,−
4,4,202644090110,8,7,ラインガーラ,牡,5,56.0,達城龍,7.8,4,0.07655659283587547,0.34427691910802677,-0.2,3.8,0.8,39.22,35.0,5.0,1.0,2026-09-01,大井,10,宵風賞(C1七),19:40,1400.0,ダ,C一,,−
5,5,202644090110,10,8,ビリーヴアンドラン,牡,4,56.0,御神本,8.5,5,0.050461841313810665,0.27533942593044325,0.4,3.4,0.86,40.92,14.0,5.0,1.0,2026-09-01,大井,10,宵風賞(C1七),19:40,1400.0,ダ,C一,,−
6,6,202644090110,1,1,ピンナダ,セ,5,56.0,藤本現,10.4,6,0.040075552578718386,0.22712056719003948,0.2,6.8,1.42,39.239999999999995,7.0,5.0,1.0,2026-09-01,大井,10,宵風賞(C1七),19:40,1400.0,ダ,C一,,−
7,7,202644090110,5,5,スペイスフォース,牡,7,56.0,藤田凌,14.0,7,0.028402590038021598,0.1548122922603306,0.6,6.4,1.44,40.18,14.0,5.0,1.0,2026-09-01,大井,10,宵風賞(C1七),19:40,1400.0,ダ,C一,,−
8,8,202644090110,11,8,アルピニスト,牝,5,54.0,笹川翼,14.6,8,0.0197961002483233,0.11251918235976592,0.4,11.6,1.52,38.26,14.0,5.0,1.0,2026-09-01,大井,10,宵風賞(C1七),19:40,1400.0,ダ,C一,,−
9,9,202644090110,9,7,マニス,牝,4,51.0,杉山海,21.8,9,0.017516542658345423,0.07017241577240475,-1.2,14.4,1.44,36.04,14.0,5.0,1.0,2026-09-01,大井,10,宵風賞(C1七),19:40,1400.0,ダ,C一,,−
10,10,202644090110,6,6,ラバテラリュージュ,牡,6,55.0,中山遥,36.6,10,0.011085823351021946,0.0580459128764078,-0.2,10.6,1.6,39.36,35.0,5.0,1.0,2026-09-01,大井,10,宵風賞(C1七),19:40,1400.0,ダ,C一,,−
11,11,202644090110,3,3,エルフィダンス,牝,3,50.0,高橋優,73.0,11,0.010900693307593932,0.04323947302858694,-1.6,4.4,1.7599999999999998,41.239999999999995,77.0,5.0,1.0,2026-09-01,大井,10,宵風賞(C1七),19:40,1400.0,ダ,C一,,−
1,1,202644090111,9,5,ショウナンカチドキ,セ,4,56.0,本田正,2.1,1,0.3971163727895245,0.7250561196780273,-0.6,2.2,0.5800000000000001,38.32,56.0,5.0,1.0,2026-09-01,大井,11,貴船坂賞競走(B3),20:15,1200.0,ダ,B三,,−
2,2,202644090111,11,6,スノーキャンドル,牝,4,54.0,御神本,3.5,2,0.18836546034908905,0.551835101242344,0.2,1.6,0.5,38.1,35.0,5.0,1.0,2026-09-01,大井,11,貴船坂賞競走(B3),20:15,1200.0,ダ,B三,,−
3,3,202644090111,7,4,フェスティヴルディ,牡,5,56.0,西啓太,8.7,3,0.12029775217791623,0.43570763928788897,0.6,6.6,1.28,37.72,35.0,5.0,1.0,2026-09-01,大井,11,貴船坂賞競走(B3),20:15,1200.0,ダ,B三,,−
4,4,202644090111,6,4,リッキーフェイス,牝,5,51.0,西優哉,10.3,4,0.0813112468316379,0.32872659771916135,-0.4,9.4,1.08,37.82000000000001,77.0,5.0,1.0,2026-09-01,大井,11,貴船坂賞競走(B3),20:15,1200.0,ダ,B三,,−
5,5,202644090111,5,3,リック,牝,3,53.0,張田昂,16.3,5,0.04893113161376282,0.2754638521613115,0.0,3.4,1.2,38.58,7.0,5.0,1.0,2026-09-01,大井,11,貴船坂賞競走(B3),20:15,1200.0,ダ,B三,,−
6,6,202644090111,8,5,ドナシェーン,牝,3,53.0,藤田凌,19.7,6,0.039831125930707215,0.1898614105441833,-0.8,5.2,1.2200000000000002,30.160000000000004,14.0,5.0,1.0,2026-09-01,大井,11,貴船坂賞競走(B3),20:15,1200.0,ダ,B三,,−
7,7,202644090111,15,8,モントーク,牝,5,53.0,中山遥,20.7,7,0.030158731778722546,0.15424211077561178,-3.0,5.8,1.1,37.22,14.0,5.0,1.0,2026-09-01,大井,11,貴船坂賞競走(B3),20:15,1200.0,ダ,B三,,−
8,8,202644090111,10,6,エイシンラセーヌ,牝,4,54.0,田中洸,27.6,8,0.02139041360167226,0.11746633598649059,1.2,5.4,0.74,37.9,14.0,5.0,1.0,2026-09-01,大井,11,貴船坂賞競走(B3),20:15,1200.0,ダ,B三,,−
9,9,202644090111,12,7,ゴールドカグヤヒメ,牝,3,53.0,鷹見陸,33.8,9,0.014973970964006359,0.058612178985362966,-0.4,10.2,2.94,39.46,7.0,5.0,1.0,2026-09-01,大井,11,貴船坂賞競走(B3),20:15,1200.0,ダ,B三,,−
10,10,202644090111,1,1,バンボリーナ,牝,4,54.0,吉井章,93.4,11,0.011676057216699346,0.04486805290604198,-3.0,9.8,1.8199999999999998,38.28,7.0,5.0,1.0,2026-09-01,大井,11,貴船坂賞競走(B3),20:15,1200.0,ダ,B三,,−
11,12,202644090111,14,8,オーサムデアラー,セ,6,56.0,東原悠,89.8,10,0.011658557452271297,0.031112306556482328,0.8,9.8,4.36,32.839999999999996,7.0,5.0,1.0,2026-09-01,大井,11,貴船坂賞競走(B3),20:15,1200.0,ダ,B三,,−
12,11,202644090111,4,3,サムデイ,牝,5,51.0,高橋優,133.9,12,0.008572294823497638,0.03126076548742864,-0.6,8.0,1.92,38.08,168.0,5.0,1.0,2026-09-01,大井,11,貴船坂賞競走(B3),20:15,1200.0,ダ,B三,,−
13,14,202644090111,3,2,モンゲーキララ,牝,4,54.0,新原周,464.5,14,0.008572294823497638,0.016712571848549178,-1.0,13.6,3.22,39.44,7.0,5.0,1.0,2026-09-01,大井,11,貴船坂賞競走(B3),20:15,1200.0,ダ,B三,,−
14,15,202644090111,2,2,レディメローラ,牝,6,51.0,杉山海,672.8,15,0.008572294823497638,0.014588664097631366,-2.8,12.0,3.8,40.6,7.0,5.0,1.0,2026-09-01,大井,11,貴船坂賞競走(B3),20:15,1200.0,ダ,B三,,−
15,13,202644090111,13,7,ユイノコミチ,牡,5,56.0,岡村健,221.4,13,0.008572294823497638,0.025648134066832164,-0.4,8.8,2.7199999999999998,39.86,14.0,5.0,1.0,2026-09-01,大井,11,貴船坂賞競走(B3),20:15,1200.0,ダ,B三,,−
1,1,202644090112,3,3,マジックエレガンス,牝,3,53.0,和田譲,1.7,1,0.44843803248739944,0.760672811820467,0.0,1.25,-0.05,38.1,7.0,4.0,1.0,2026-09-01,大井,12,秋麗賞(C1七),20:50,1200.0,ダ,C一,,−
2,2,202644090112,12,8,クチャモザクワジャ,牡,7,56.0,笹川翼,4.8,2,0.17457079555143362,0.5591383998564479,0.2,2.6,0.54,38.480000000000004,14.0,5.0,1.0,2026-09-01,大井,12,秋麗賞(C1七),20:50,1200.0,ダ,C一,,−
3,3,202644090112,4,4,フルグライト,牡,4,56.0,鷹見陸,7.4,3,0.11892166736092682,0.45548417968338845,2.0,3.2,0.4,37.760000000000005,14.0,5.0,1.0,2026-09-01,大井,12,秋麗賞(C1七),20:50,1200.0,ダ,C一,,−
4,4,202644090112,5,5,ベネチアフレイバー,牝,6,54.0,西啓太,13.3,4,0.06667835924389137,0.33758682094774867,-0.2,4.2,1.78,39.44,14.0,5.0,1.0,2026-09-01,大井,12,秋麗賞(C1七),20:50,1200.0,ダ,C一,,−
5,5,202644090112,9,7,インペリオ,牡,5,56.0,安藤洋,13.8,5,0.05229247033184243,0.2942461903442642,0.0,4.6,0.42000000000000004,38.260000000000005,14.0,5.0,1.0,2026-09-01,大井,12,秋麗賞(C1七),20:50,1200.0,ダ,C一,,−
6,6,202644090112,6,5,スマイルケイ,牝,5,54.0,達城龍,18.5,6,0.04049380036679592,0.20807488859300552,-1.2,8.6,1.8800000000000001,39.32,14.0,5.0,1.0,2026-09-01,大井,12,秋麗賞(C1七),20:50,1200.0,ダ,C一,,−
7,7,202644090112,11,8,アンモニャイト,牝,4,54.0,野畑凌,22.8,7,0.02942920257421457,0.16240558899173338,-1.0,8.6,1.3199999999999998,39.5,14.0,5.0,1.0,2026-09-01,大井,12,秋麗賞(C1七),20:50,1200.0,ダ,C一,,−
8,8,202644090112,7,6,シュルーズベリー,牝,4,54.0,藤本現,38.0,8,0.01911743308939252,0.11594627954322001,-0.4,7.0,1.1199999999999999,38.7,98.0,5.0,1.0,2026-09-01,大井,12,秋麗賞(C1七),20:50,1200.0,ダ,C一,,−
9,9,202644090112,1,1,マドモアゼルレンヌ,牝,5,54.0,佐野遥,47.8,9,0.01826011748500581,0.0961992695161351,-1.2,9.0,1.6199999999999999,38.72,14.0,5.0,1.0,2026-09-01,大井,12,秋麗賞(C1七),20:50,1200.0,ダ,C一,,−
10,11,202644090112,10,7,グラスコメット,牝,4,54.0,張田昂,49.3,10,0.012162416133969024,0.046659919674736754,0.6,12.8,1.9,38.04,14.0,5.0,1.0,2026-09-01,大井,12,秋麗賞(C1七),20:50,1200.0,ダ,C一,,−
11,10,202644090112,2,2,インサイダー,セ,5,56.0,高野誠,100.9,11,0.011270771374004916,0.05342995006686848,0.2,11.0,1.52,38.4,98.0,5.0,1.0,2026-09-01,大井,12,秋麗賞(C1七),20:50,1200.0,ダ,C一,,−
12,12,202644090112,8,6,サイレントブラック,牡,7,56.0,瀬川将,246.4,12,0.008364934001123595,0.021949178197053342,-2.4,9.8,3.5799999999999996,40.160000000000004,14.0,5.0,1.0,2026-09-01,大井,12,秋麗賞(C1七),20:50,1200.0,ダ,C一,,−
